结果	断言	说明
PASS	① GameLogic(Game) 绑定对战记录	Current=game 可记录=True
PASS	② 抽牌记入记录	Draw 条数 0→1
PASS	③ 出牌走 AddHistory 镜像记入	PlayCard 条数 0→1
PASS	④ 伤害记入（含数值）	Damage 条数 0→1 数值=4
PASS	⑤ 击杀记入	Death 条数 0→1
PASS	⑥ 回合分隔行可格式化	文本="── 第 3 回合 · 我方 ──"
PASS	⑦ 中文文案含卡名	文本="「瘟疫鼠」被消灭"
PASS	⑧ AI 推演不得记录（隔离）	CanRecord(ai)=False
PASS	⑨ Game.Clone 不拷记录（AI 预测树）	原=7 副本=0
PASS	⑩ 伤害记净差值（overkill 不计）	5 血目标吃 100 → 记录=5
PASS	⑪ 治疗记净差值（满血=0）	满血治疗 5 → 记录=0
PASS	⑫ 导出对战记录到文件	路径=battle_log_20261008_235611.txt 首行="# 对战记录 2026-10-08 23:56:11  共 9 条"
PASS	⑬ 回合历史条文案中文化	文本="我方 使用「瘟疫鼠」"
