node	editor_name	kind	detail
112006	字符串常量	port_dir_reversed	value（XML=输入，预设=输出）
212004	设置临时变量	extra_port	in（输入）
212004	设置临时变量	extra_port	out（输出）
212001	分支动作	extra_port	in（输入）
212001	分支动作	extra_port	out（输出）
212002	重复动作	extra_port	in（输入）
212002	重复动作	extra_port	out（输出）
212005	重复动作直到	extra_port	in（输入）
212005	重复动作直到	extra_port	out（输出）
212006	停止重复动作	extra_port	in（输入）
212006	停止重复动作	extra_port	out（输出）
212007	跳过重复动作	extra_port	in（输入）
212007	跳过重复动作	extra_port	out（输出）
200001	使玩家获胜	extra_port	in（输入）
200001	使玩家获胜	extra_port	out（输出）
200002	使玩家失败	extra_port	in（输入）
200002	使玩家失败	extra_port	out（输出）
200004	创建牌堆	extra_port	in（输入）
200004	创建牌堆	extra_port	out（输出）
200005	删除牌堆	extra_port	in（输入）
200005	删除牌堆	extra_port	out（输出）
200006	从牌堆将卡牌移动到目标牌堆	extra_port	in（输入）
200006	从牌堆将卡牌移动到目标牌堆	extra_port	out（输出）
201002	设置玩家属性	extra_port	in（输入）
201002	设置玩家属性	extra_port	out（输出）
201003	抽目标卡牌	extra_port	in（输入）
201003	抽目标卡牌	extra_port	out（输出）
201004	从一定数量的卡牌中选择一张	extra_port	in（输入）
201004	从一定数量的卡牌中选择一张	extra_port	out（输出）
201005	从一定数量的卡牌定义中选择一张	extra_port	in（输入）
201005	从一定数量的卡牌定义中选择一张	extra_port	out（输出）
201016	从一定数量的卡牌中选择一张	extra_port	in（输入）
201016	从一定数量的卡牌中选择一张	extra_port	out（输出）
201017	从一定数量的卡牌定义中选择一张	extra_port	in（输入）
201017	从一定数量的卡牌定义中选择一张	extra_port	out（输出）
101016	获取法术伤害	extra_field	keyword_id
209201	结束回合	extra_port	in（输入）
209201	结束回合	extra_port	out（输出）
209202	获得额外回合	extra_port	in（输入）
209202	获得额外回合	extra_port	out（输出）
209203	使目标失去下一回合	extra_port	in（输入）
209203	使目标失去下一回合	extra_port	out（输出）
201006	复原技能	extra_port	in（输入）
201006	复原技能	extra_port	out（输出）
201007	摧毁道具	extra_port	in（输入）
201007	摧毁道具	extra_port	out（输出）
201001	设置当前灵力值	extra_port	in（输入）
201001	设置当前灵力值	extra_port	out（输出）
201008	增加当前灵力值	extra_port	in（输入）
201008	增加当前灵力值	extra_port	out（输出）
201009	设置灵力上限	extra_port	in（输入）
201009	设置灵力上限	extra_port	out（输出）
201010	增加灵力上限	extra_port	in（输入）
201010	增加灵力上限	extra_port	out（输出）
201013	设置疲劳层数	extra_port	in（输入）
201013	设置疲劳层数	extra_port	out（输出）
201014	增加疲劳层数	extra_port	in（输入）
201014	增加疲劳层数	extra_port	out（输出）
201015	受到疲劳伤害	extra_port	in（输入）
201015	受到疲劳伤害	extra_port	out（输出）
206001	添加增益	extra_port	in（输入）
206001	添加增益	extra_port	out（输出）
206002	移除增益	extra_port	in（输入）
206002	移除增益	extra_port	out（输出）
206002	移除增益	extra_field	prop
206003	设置增益属性	extra_port	in（输入）
206003	设置增益属性	extra_port	out（输出）
206004	设置增益属性可见性	extra_port	in（输入）
206004	设置增益属性可见性	extra_port	out（输出）
210001	简单抽牌	extra_port	in（输入）
210001	简单抽牌	extra_port	out（输出）
210002	卡牌置入战场	extra_port	in（输入）
210002	卡牌置入战场	extra_port	out（输出）
210003	卡牌移回手牌	extra_port	in（输入）
210003	卡牌移回手牌	extra_port	out（输出）
210004	卡牌洗入牌库	extra_port	in（输入）
210004	卡牌洗入牌库	extra_port	out（输出）
210005	卡牌置入墓地	extra_port	in（输入）
210005	卡牌置入墓地	extra_port	out（输出）
210006	卡牌置入延迟区	extra_port	in（输入）
210006	卡牌置入延迟区	extra_port	out（输出）
210007	卡牌装备到道具栏	extra_port	in（输入）
210007	卡牌装备到道具栏	extra_port	out（输出）
210008	卡牌移动到暂存区	extra_port	in（输入）
210008	卡牌移动到暂存区	extra_port	out（输出）
202003	创建衍生卡并置入战场	extra_port	in（输入）
202003	创建衍生卡并置入战场	extra_port	out（输出）
202004	创建衍生卡并置入手牌	extra_port	in（输入）
202004	创建衍生卡并置入手牌	extra_port	out（输出）
202005	创建衍生卡并洗入牌库	extra_port	in（输入）
202005	创建衍生卡并洗入牌库	extra_port	out（输出）
202006	创建衍生卡并装备到道具栏	extra_port	in（输入）
202006	创建衍生卡并装备到道具栏	extra_port	out（输出）
202045	创建衍生卡并置入延迟区	extra_port	in（输入）
202045	创建衍生卡并置入延迟区	extra_port	out（输出）
202046	创建衍生卡并置入牌堆	extra_port	in（输入）
202046	创建衍生卡并置入牌堆	extra_port	out（输出）
202044	复制卡牌	extra_port	in（输入）
202044	复制卡牌	extra_port	out（输出）
102027	获取卡牌属性	extra_field	custom_prop
202037	设置卡牌属性	extra_port	in（输入）
202037	设置卡牌属性	extra_port	out（输出）
202037	设置卡牌属性	extra_field	custom_prop
102035	获取卡牌属性名	extra_field	custom_prop
202007	设置属性	extra_port	in（输入）
202007	设置属性	extra_port	out（输出）
202002	丢弃卡牌	extra_port	in（输入）
202002	丢弃卡牌	extra_port	out（输出）
202038	丢弃卡牌	extra_port	in（输入）
202038	丢弃卡牌	extra_port	out（输出）
202019	增加固定数量护甲	extra_port	in（输入）
202019	增加固定数量护甲	extra_port	out（输出）
202018	增加护甲	extra_port	in（输入）
202018	增加护甲	extra_port	out（输出）
202020	失去护甲	extra_port	in（输入）
202020	失去护甲	extra_port	out（输出）
102011	获取卡牌法术伤害	extra_field	keyword_id
202001	造成伤害	extra_port	in（输入）
202001	造成伤害	extra_port	out（输出）
202034	造成伤害或法伤	extra_port	in（输入）
202034	造成伤害或法伤	extra_port	out（输出）
202041	造成伤害或法伤	extra_port	in（输入）
202041	造成伤害或法伤	extra_port	out（输出）
202035	造成伤害或法伤并分配给目标	extra_port	in（输入）
202035	造成伤害或法伤并分配给目标	extra_port	out（输出）
202042	造成伤害或法伤并分配给目标	extra_port	in（输入）
202042	造成伤害或法伤并分配给目标	extra_port	out（输出）
202036	对固定数量的随机目标造成伤害或法伤	extra_port	in（输入）
202036	对固定数量的随机目标造成伤害或法伤	extra_port	out（输出）
202043	对固定数量的随机目标造成伤害或法伤	extra_port	in（输入）
202043	对固定数量的随机目标造成伤害或法伤	extra_port	out（输出）
202011	造成法术伤害	extra_port	in（输入）
202011	造成法术伤害	extra_port	out（输出）
202012	造成固定法术伤害并分配给随机目标	extra_port	in（输入）
202012	造成固定法术伤害并分配给随机目标	extra_port	out（输出）
202013	治疗目标卡牌	extra_port	in（输入）
202013	治疗目标卡牌	extra_port	out（输出）
202039	治疗目标卡牌	extra_port	in（输入）
202039	治疗目标卡牌	extra_port	out（输出）
202047	治疗目标卡牌	extra_port	in（输入）
202047	治疗目标卡牌	extra_port	out（输出）
202014	禁锢	extra_port	in（输入）
202014	禁锢	extra_port	out（输出）
202050	添加技能	extra_port	in（输入）
202050	添加技能	extra_port	out（输出）
202015	沉默	extra_port	in（输入）
202015	沉默	extra_port	out（输出）
202040	封印	extra_port	in（输入）
202040	封印	extra_port	out（输出）
202016	消灭	extra_port	in（输入）
202016	消灭	extra_port	out（输出）
202017	强制更新游戏状态	extra_port	in（输入）
202017	强制更新游戏状态	extra_port	out（输出）
202021	触发卡牌宣言	extra_port	in（输入）
202021	触发卡牌宣言	extra_port	out（输出）
202022	触发卡牌遗言	extra_port	in（输入）
202022	触发卡牌遗言	extra_port	out（输出）
202023	触发法术或技能卡牌效果	extra_port	in（输入）
202023	触发法术或技能卡牌效果	extra_port	out（输出）
202024	重置卡牌	extra_port	in（输入）
202024	重置卡牌	extra_port	out（输出）
202025	强制攻击目标	extra_port	in（输入）
202025	强制攻击目标	extra_port	out（输出）
202026	本回合攻击次数增加一次	extra_port	in（输入）
202026	本回合攻击次数增加一次	extra_port	out（输出）
202027	揭示卡牌	extra_port	in（输入）
202027	揭示卡牌	extra_port	out（输出）
202028	获得控制权	extra_port	in（输入）
202028	获得控制权	extra_port	out（输出）
202048	设置卡牌属性可见性	extra_port	in（输入）
202048	设置卡牌属性可见性	extra_port	out（输出）
202049	设置卡牌可见性	extra_port	in（输入）
202049	设置卡牌可见性	extra_port	out（输出）
202029	变形为卡牌定义	extra_port	in（输入）
202029	变形为卡牌定义	extra_port	out（输出）
103020	获取卡牌定义属性	extra_field	custom_prop
103013	获取卡牌定义法术伤害	extra_field	keyword_id
202030	触发卡牌定义宣言	extra_port	in（输入）
202030	触发卡牌定义宣言	extra_port	out（输出）
202031	触发卡牌定义遗言	extra_port	in（输入）
202031	触发卡牌定义遗言	extra_port	out（输出）
202032	触发法术或技能卡牌定义效果	extra_port	in（输入）
202032	触发法术或技能卡牌定义效果	extra_port	out（输出）
203001	展示卡牌定义	extra_port	in（输入）
203001	展示卡牌定义	extra_port	out（输出）
203002	复制卡牌定义	extra_port	in（输入）
203002	复制卡牌定义	extra_port	out（输出）
203003	设置卡牌定义属性	extra_port	in（输入）
203003	设置卡牌定义属性	extra_port	out（输出）
203003	设置卡牌定义属性	extra_field	custom_prop
203004	拼接卡牌定义	extra_port	in（输入）
203004	拼接卡牌定义	extra_port	out（输出）
111013	排序	missing_port_in	condition
111013	排序	extra_field	prop
111013	排序	extra_field	custom_prop
211001	遍历	extra_port	in（输入）
211001	遍历	extra_port	out（输出）
111014	求和	extra_field	prop
111014	求和	extra_field	custom_prop
111015	获取最小值	extra_field	prop
111015	获取最小值	extra_field	custom_prop
111016	获取最大值	extra_field	prop
111016	获取最大值	extra_field	custom_prop
111017	获取平均值	extra_field	prop
111017	获取平均值	extra_field	custom_prop
111031	获取集合内所有元素的某项属性	extra_field	prop
111031	获取集合内所有元素的某项属性	extra_field	custom_prop
207001	发动效果	extra_port	in（输入）
207001	发动效果	extra_port	out（输出）
208001	设置变量	extra_port	in（输入）
208001	设置变量	extra_port	out（输出）
208002	阻止事件	extra_port	in（输入）
208002	阻止事件	extra_port	out（输出）
208003	更改攻击目标	extra_port	in（输入）
208003	更改攻击目标	extra_port	out（输出）
208004	更改使用目标	extra_port	in（输入）
208004	更改使用目标	extra_port	out（输出）
208005	伤害/更改受伤卡牌	extra_port	in（输入）
208005	伤害/更改受伤卡牌	extra_port	out（输出）
208006	伤害/更改伤害源	extra_port	in（输入）
208006	伤害/更改伤害源	extra_port	out（输出）
208007	伤害/更改伤害值	extra_port	in（输入）
208007	伤害/更改伤害值	extra_port	out（输出）
208008	治疗/更改治疗值	extra_port	in（输入）
208008	治疗/更改治疗值	extra_port	out（输出）
208009	设置事件重复次数	extra_port	in（输入）
208009	设置事件重复次数	extra_port	out（输出）
213001	设置映射	extra_port	in（输入）
213001	设置映射	extra_port	out（输出）
213002	移除映射	extra_port	in（输入）
213002	移除映射	extra_port	out（输出）
209101	设置战斗BGM	extra_port	in（输入）
209101	设置战斗BGM	extra_port	out（输出）
209102	恢复默认BGM	extra_port	in（输入）
209102	恢复默认BGM	extra_port	out（输出）

# 审计节点数	303
# 差异总数	235
# port_dir_reversed	1
# extra_port	212
# extra_field	21
# missing_port_in	1
