结果	用例	观测	期望
PASS	102001 对照（常量 3）	伤害=3	期望 3
PASS	102006 获取卡牌攻击	伤害=1（卡攻击=1）	期望 1
PASS	102005 获取卡牌费用	伤害=1（卡费用=1）	期望 1
PASS	102007 最大生命(英雄卡→玩家hp_max)	伤害=30（玩家hp=29/30，英雄卡 hp=0/0）	期望 30
PASS	102008 当前生命(英雄卡→玩家hp)	伤害=29（玩家hp=29/30，英雄卡 hp=0/0）	期望 29
PASS	112004 整数运算 7-2	伤害=5	期望 5
PASS	112004 整数运算 7/2	伤害=3	期望 3
PASS	112004 整数运算 7*2	伤害=14	期望 14
PASS	102013 获取所有角色 → 202012.targets 总量=8	总掉血=8（战前合计=60）	期望 8
PASS	202012 分配伤害总量=8（随从3/5/7血）	随从受伤=5（死 1） 打脸=3 总=8	期望 8
PASS	202012 分配伤害总量=8（随从1血·大量死亡）	随从受伤=3（死 3） 打脸=5 总=8	期望 8
PASS	112002 比较 3>5	伤害=7（真→3 假→7）	期望 7（比较应=False）
PASS	112002 比较 3小于5	伤害=3（真→3 假→7）	期望 3（比较应=True）
PASS	112002 比较 5等于5	伤害=3（真→3 假→7）	期望 3（比较应=True）
PASS	112002 比较 5≠5	伤害=7（真→3 假→7）	期望 7（比较应=False）
PASS	112002 比较 5≥5	伤害=3（真→3 假→7）	期望 3（比较应=True）
PASS	112002 比较 5≤3	伤害=7（真→3 假→7）	期望 7（比较应=False）
PASS	202037 设置卡牌属性(攻击=7)	卡攻击=7（原 1）	期望 7
PASS	202037 设置卡牌属性(生命=9)	卡当前生命=9（原 1）	期望 9
PASS	201001 设置灵力=5（上限10）	玩家0灵力=5（上限=10）	期望 5
PASS	201001 设置灵力=5（上限3）	玩家0灵力=3（上限=3）	期望 3
PASS	101002 获取玩家属性(生命)	伤害=29（玩家0生命=29）	期望 29
PASS	202050 添加技能 activate_burst	施法卡 HasAbility: False → True	期望 False → True
PASS	206001 添加增益（buffDefine）	HasBuff(probe_buff_atk)=True	期望 True
PASS	206001 费用不变	费用 1 → 1	期望 1
PASS	206001 攻击+1	攻击 1 → 2	期望 2
PASS	206001 添加增益（buffDefine+花费-2）	HasBuff(probe_buff_cost)=True	期望 True
PASS	206001 费用-2	费用 4 → 2	期望 2
PASS	206001 攻击+1	攻击 3 → 4	期望 4
PASS	210001 简单抽牌	手牌 0→1，牌库 3→2	手牌+1 且 牌库-1
PASS	202002 丢弃卡牌	手牌 1→0	期望 0
PASS	202013 治疗(5 伤害 + 治 3)	伤害标记 5 → 2（当前血 0）	期望 2
PASS	202016 消灭	目标当前生命=1（damage=0，仍在战场=False）	期望 死亡/离场
PASS	202019 +3 → 202020 -1 护甲	护甲 0 → 2	期望 2
PASS	202044 复制卡牌	总牌数 1 → 2	期望 2
PASS	202029 变形为卡牌定义	定义 Plague_Rat → armored_beast	期望 armored_beast
PASS	102003 关键词判断[armor]（有关键词）	伤害=3（真→3 假→7）	期望 3
PASS	102003 关键词判断[armor]（没有关键词）	伤害=7（真→3 假→7）	期望 7
PASS	112004 编号槽 7-2	伤害=5	期望 5
PASS	112004 编号槽 7+2	伤害=9	期望 9
PASS	202012 damage 走引脚=8	总掉血=8	期望 8
INFO	真实卡-熔岩人 同名候选	equip_rock_bow(定义能力0) ｜ lava_beast(定义能力0) ｜ custom_ZJixIZiYOx4(定义能力1)	（诊断：是否存在重复/未编译的定义）
INFO	真实卡-熔岩人 能力	graph_custom_ZJixIZiYOx4_aurabuff_5c906e42 trigger=Ongoing group=ag_custom_ZJixIZiYOx4_n_AGDJoM buff=buff_90f3ca8b zone=手牌 tzone=手牌 repeat=True 条件数=0	（诊断：光环能力是否在卡上、字段是否齐全）
INFO	真实卡-熔岩人	费用 20 → 15（英雄 25/30，已损失 5）｜增益 前[buff_90f3ca8b] 后[buff_90f3ca8b]	设计意图：费用 -5
PASS	真实卡-熔岩人：掉 5 血 → 费用 -5	费用 20 → 15（已损失生命 5）	期望 15
PASS	入口「OnDeath」→ 造成伤害 3	目标玩家掉血=3	期望 3
PASS	入口「OnAttack」→ 造成伤害 3	目标玩家掉血=3	期望 3
INFO	护甲诊断	HasStatus(Armor)=True GetStatusValue(Armor)=5 英雄hp=0	（判断护甲为何不吸收）
PASS	202041 普通伤害被护甲吸收（4 点 vs 护甲 5）	掉血=0 护甲 5→5	期望 掉血 0、护甲不变
INFO	护甲诊断	HasStatus(Armor)=True GetStatusValue(Armor)=5 英雄hp=0	（判断护甲为何不吸收）
PASS	202041 法伤无视护甲（4 点 vs 护甲 5）	掉血=4 护甲 5→5	期望 掉血 4、护甲不变
PASS	玩家直伤 4 点 vs 英雄护甲 5	目标玩家掉血=0（护甲 5）	期望 0（护甲全吸收）
